Origin,Destination,Distance_m,Duration_s
mesrop_mashtoc_1,isahakyan_4,291,67
mesrop_mashtoc_1,mesrop_mashtoc_2,193,48
mesrop_mashtoc_1,moskovyan_1-,342,85
mesrop_mashtoc_1,mesrop_mashtoc_3,325,82
mesrop_mashtoc_1,mesrop_mashtoc_4,543,134
mesrop_mashtoc_1,baghramyan_1,461,119
mesrop_mashtoc_1,mesrop_mashtoc_4,543,134
mesrop_mashtoc_1,mesrop_mashtoc_3-,809,264
mesrop_mashtoc_1,sayat_nova_6-,555,163
mesrop_mashtoc_1,moskovyan_2,401,92
mesrop_mashtoc_1,isahakyan_4,291,67
mesrop_mashtoc_1,mesrop_mashtoc_2,193,48
mesrop_mashtoc_1,moskovyan_1-,342,85
mesrop_mashtoc_1,mesrop_mashtoc_3,325,82
mesrop_mashtoc_1,mesrop_mashtoc_4,543,134
mesrop_mashtoc_1,baghramyan_1,461,119
mesrop_mashtoc_1,mesrop_mashtoc_4,543,134
mesrop_mashtoc_1,mesrop_mashtoc_3-,809,264
mesrop_mashtoc_1,sayat_nova_6-,555,163
mesrop_mashtoc_1,moskovyan_2,401,92
mesrop_mashtoc_2,isahakyan_4,258,97
mesrop_mashtoc_2,mesrop_mashtoc_2,0,0
mesrop_mashtoc_2,moskovyan_1-,149,38
mesrop_mashtoc_2,mesrop_mashtoc_3,133,34
mesrop_mashtoc_2,mesrop_mashtoc_4,350,86
mesrop_mashtoc_2,baghramyan_1,268,71
mesrop_mashtoc_2,mesrop_mashtoc_4,350,86
mesrop_mashtoc_2,mesrop_mashtoc_3-,616,216
mesrop_mashtoc_2,sayat_nova_6-,362,115
mesrop_mashtoc_2,moskovyan_2,208,45
mesrop_mashtoc_2,isahakyan_4,258,97
mesrop_mashtoc_2,mesrop_mashtoc_2,0,0
mesrop_mashtoc_2,moskovyan_1-,149,38
mesrop_mashtoc_2,mesrop_mashtoc_3,133,34
mesrop_mashtoc_2,mesrop_mashtoc_4,350,86
mesrop_mashtoc_2,baghramyan_1,268,71
mesrop_mashtoc_2,mesrop_mashtoc_4,350,86
mesrop_mashtoc_2,mesrop_mashtoc_3-,616,216
mesrop_mashtoc_2,sayat_nova_6-,362,115
mesrop_mashtoc_2,moskovyan_2,208,45
mesrop_mashtoc_3,isahakyan_4,682,179
mesrop_mashtoc_3,mesrop_mashtoc_2,1160,282
mesrop_mashtoc_3,moskovyan_1-,279,80
mesrop_mashtoc_3,mesrop_mashtoc_3,0,0
mesrop_mashtoc_3,mesrop_mashtoc_4,217,52
mesrop_mashtoc_3,baghramyan_1,136,37
mesrop_mashtoc_3,mesrop_mashtoc_4,217,52
mesrop_mashtoc_3,mesrop_mashtoc_3-,484,182
mesrop_mashtoc_3,sayat_nova_6-,229,81
mesrop_mashtoc_3,moskovyan_2,513,129
mesrop_mashtoc_3,isahakyan_4,682,179
mesrop_mashtoc_3,mesrop_mashtoc_2,1160,282
mesrop_mashtoc_3,moskovyan_1-,279,80
mesrop_mashtoc_3,mesrop_mashtoc_3,0,0
mesrop_mashtoc_3,mesrop_mashtoc_4,217,52
mesrop_mashtoc_3,baghramyan_1,136,37
mesrop_mashtoc_3,mesrop_mashtoc_4,217,52
mesrop_mashtoc_3,mesrop_mashtoc_3-,484,182
mesrop_mashtoc_3,sayat_nova_6-,229,81
mesrop_mashtoc_3,moskovyan_2,513,129
baghramyan_1-,isahakyan_4,580,161
baghramyan_1-,mesrop_mashtoc_2,1058,267
baghramyan_1-,moskovyan_1-,598,197
baghramyan_1-,mesrop_mashtoc_3,757,242
baghramyan_1-,mesrop_mashtoc_4,209,43
baghramyan_1-,baghramyan_1,519,159
baghramyan_1-,mesrop_mashtoc_4,209,43
baghramyan_1-,mesrop_mashtoc_3-,213,64
baghramyan_1-,sayat_nova_6-,230,55
baghramyan_1-,moskovyan_2,411,113
mesrop_mashtoc_4-,isahakyan_4,593,158
mesrop_mashtoc_4-,mesrop_mashtoc_2,1071,264
mesrop_mashtoc_4-,moskovyan_1-,392,107
mesrop_mashtoc_4-,mesrop_mashtoc_3,551,152
mesrop_mashtoc_4-,mesrop_mashtoc_4,580,152
mesrop_mashtoc_4-,baghramyan_1,249,63
mesrop_mashtoc_4-,mesrop_mashtoc_4,580,152
mesrop_mashtoc_4-,mesrop_mashtoc_3-,226,61
mesrop_mashtoc_4-,sayat_nova_6-,224,46
mesrop_mashtoc_4-,moskovyan_2,424,110
mesrop_mashtoc_4-,isahakyan_4,593,158
mesrop_mashtoc_4-,mesrop_mashtoc_2,1071,264
mesrop_mashtoc_4-,moskovyan_1-,392,107
mesrop_mashtoc_4-,mesrop_mashtoc_3,551,152
mesrop_mashtoc_4-,mesrop_mashtoc_4,580,152
mesrop_mashtoc_4-,baghramyan_1,249,63
mesrop_mashtoc_4-,mesrop_mashtoc_4,580,152
mesrop_mashtoc_4-,mesrop_mashtoc_3-,226,61
mesrop_mashtoc_4-,sayat_nova_6-,224,46
mesrop_mashtoc_4-,moskovyan_2,424,110
mesrop_mashtoc_2,isahakyan_4,258,97
mesrop_mashtoc_2,mesrop_mashtoc_2,0,0
mesrop_mashtoc_2,moskovyan_1-,149,38
mesrop_mashtoc_2,mesrop_mashtoc_3,133,34
mesrop_mashtoc_2,mesrop_mashtoc_4,350,86
mesrop_mashtoc_2,baghramyan_1,268,71
mesrop_mashtoc_2,mesrop_mashtoc_4,350,86
mesrop_mashtoc_2,mesrop_mashtoc_3-,616,216
mesrop_mashtoc_2,sayat_nova_6-,362,115
mesrop_mashtoc_2,moskovyan_2,208,45
mesrop_mashtoc_3,sayat_nova_6-,229,81
mesrop_mashtoc_3,sayat_nova_6-,229,81
mesrop_mashtoc_3,mesrop_mashtoc_3-,484,182
mesrop_mashtoc_3,baghramyan_1,136,37
mesrop_mashtoc_3,mesrop_mashtoc_3,0,0
mesrop_mashtoc_3,moskovyan_2,513,129
mesrop_mashtoc_3,mesrop_mashtoc_2-,445,118
mesrop_mashtoc_3,mesrop_mashtoc_2-,445,118
mesrop_mashtoc_3,moskovyan_2,513,129
mesrop_mashtoc_3,mesrop_mashtoc_1-,625,147
baghramyan_1-,sayat_nova_6-,230,55
baghramyan_1-,sayat_nova_6-,230,55
baghramyan_1-,mesrop_mashtoc_3-,213,64
baghramyan_1-,baghramyan_1,519,159
baghramyan_1-,mesrop_mashtoc_3,757,242
baghramyan_1-,moskovyan_2,411,113
baghramyan_1-,mesrop_mashtoc_2-,343,100
baghramyan_1-,mesrop_mashtoc_2-,343,100
baghramyan_1-,moskovyan_2,411,113
baghramyan_1-,mesrop_mashtoc_1-,523,129
baghramyan_1-,sayat_nova_6-,230,55
baghramyan_1-,sayat_nova_6-,230,55
baghramyan_1-,mesrop_mashtoc_3-,213,64
baghramyan_1-,baghramyan_1,519,159
baghramyan_1-,mesrop_mashtoc_3,757,242
baghramyan_1-,moskovyan_2,411,113
baghramyan_1-,mesrop_mashtoc_2-,343,100
baghramyan_1-,mesrop_mashtoc_2-,343,100
baghramyan_1-,moskovyan_2,411,113
baghramyan_1-,mesrop_mashtoc_1-,523,129
mesrop_mashtoc_4-,sayat_nova_6-,224,46
mesrop_mashtoc_4-,sayat_nova_6-,224,46
mesrop_mashtoc_4-,mesrop_mashtoc_3-,226,61
mesrop_mashtoc_4-,baghramyan_1,249,63
mesrop_mashtoc_4-,mesrop_mashtoc_3,551,152
mesrop_mashtoc_4-,moskovyan_2,424,110
mesrop_mashtoc_4-,mesrop_mashtoc_2-,356,97
mesrop_mashtoc_4-,mesrop_mashtoc_2-,356,97
mesrop_mashtoc_4-,moskovyan_2,424,110
mesrop_mashtoc_4-,mesrop_mashtoc_1-,536,127
moskovyan_1,sayat_nova_6-,388,126
moskovyan_1,sayat_nova_6-,388,126
moskovyan_1,mesrop_mashtoc_3-,643,227
moskovyan_1,baghramyan_1,295,82
moskovyan_1,mesrop_mashtoc_3,159,45
moskovyan_1,moskovyan_2,235,48
moskovyan_1,mesrop_mashtoc_2-,166,38
moskovyan_1,mesrop_mashtoc_2-,166,38
moskovyan_1,moskovyan_2,235,48
moskovyan_1,mesrop_mashtoc_1-,347,67
moskovyan_1,sayat_nova_6-,388,126
moskovyan_1,sayat_nova_6-,388,126
moskovyan_1,mesrop_mashtoc_3-,643,227
moskovyan_1,baghramyan_1,295,82
moskovyan_1,mesrop_mashtoc_3,159,45
moskovyan_1,moskovyan_2,235,48
moskovyan_1,mesrop_mashtoc_2-,166,38
moskovyan_1,mesrop_mashtoc_2-,166,38
moskovyan_1,moskovyan_2,235,48
moskovyan_1,mesrop_mashtoc_1-,347,67
moskovyan_1,sayat_nova_6-,388,126
moskovyan_1,sayat_nova_6-,388,126
moskovyan_1,mesrop_mashtoc_3-,643,227
moskovyan_1,baghramyan_1,295,82
moskovyan_1,mesrop_mashtoc_3,159,45
moskovyan_1,moskovyan_2,235,48
moskovyan_1,mesrop_mashtoc_2-,166,38
moskovyan_1,mesrop_mashtoc_2-,166,38
moskovyan_1,moskovyan_2,235,48
moskovyan_1,mesrop_mashtoc_1-,347,67
mesrop_mashtoc_3-,sayat_nova_6-,1206,318
mesrop_mashtoc_3-,sayat_nova_6-,1206,318
mesrop_mashtoc_3-,mesrop_mashtoc_3-,0,0
mesrop_mashtoc_3-,baghramyan_1,1113,274
mesrop_mashtoc_3-,mesrop_mashtoc_3,977,237
mesrop_mashtoc_3-,moskovyan_2,198,49
mesrop_mashtoc_3-,mesrop_mashtoc_2-,130,36
mesrop_mashtoc_3-,mesrop_mashtoc_2-,130,36
mesrop_mashtoc_3-,moskovyan_2,198,49
mesrop_mashtoc_3-,mesrop_mashtoc_1-,310,66
mesrop_mashtoc_3-,sayat_nova_6-,1206,318
mesrop_mashtoc_3-,sayat_nova_6-,1206,318
mesrop_mashtoc_3-,mesrop_mashtoc_3-,0,0
mesrop_mashtoc_3-,baghramyan_1,1113,274
mesrop_mashtoc_3-,mesrop_mashtoc_3,977,237
mesrop_mashtoc_3-,moskovyan_2,198,49
mesrop_mashtoc_3-,mesrop_mashtoc_2-,130,36
mesrop_mashtoc_3-,mesrop_mashtoc_2-,130,36
mesrop_mashtoc_3-,moskovyan_2,198,49
mesrop_mashtoc_3-,mesrop_mashtoc_1-,310,66
mesrop_mashtoc_2-,sayat_nova_6-,1165,259
mesrop_mashtoc_2-,sayat_nova_6-,1165,259
mesrop_mashtoc_2-,mesrop_mashtoc_3-,2010,364
mesrop_mashtoc_2-,baghramyan_1,1072,214
mesrop_mashtoc_2-,mesrop_mashtoc_3,936,177
mesrop_mashtoc_2-,moskovyan_2,1012,188
mesrop_mashtoc_2-,mesrop_mashtoc_2-,0,0
mesrop_mashtoc_2-,mesrop_mashtoc_2-,0,0
mesrop_mashtoc_2-,moskovyan_2,1012,188
mesrop_mashtoc_2-,mesrop_mashtoc_1-,180,29
mesrop_mashtoc_2-,isahakyan_4,237,61
mesrop_mashtoc_2-,koryun_3-,424,61
mesrop_mashtoc_2-,mesrop_mashtoc_1,611,95
mesrop_mashtoc_2-,baghramyan_1,1072,214
mesrop_mashtoc_2-,mesrop_mashtoc_4,1153,229
mesrop_mashtoc_2-,mesrop_mashtoc_3-,2010,364
mesrop_mashtoc_2-,moskovyan_3,975,221
mesrop_mashtoc_2-,teryan_4,1024,227
mesrop_mashtoc_2-,teryan_3-,818,183
mesrop_mashtoc_2-,teryan_5,1297,310
mesrop_mashtoc_1-,isahakyan_4,722,133
mesrop_mashtoc_1-,koryun_3-,244,32
mesrop_mashtoc_1-,mesrop_mashtoc_1,430,66
mesrop_mashtoc_1-,baghramyan_1,891,185
mesrop_mashtoc_1-,mesrop_mashtoc_4,973,200
mesrop_mashtoc_1-,mesrop_mashtoc_3-,1383,369
mesrop_mashtoc_1-,moskovyan_3,794,192
mesrop_mashtoc_1-,teryan_4,843,198
mesrop_mashtoc_1-,teryan_3-,638,154
mesrop_mashtoc_1-,teryan_5,1117,281
koryun_3,isahakyan_4,540,99
koryun_3,koryun_3-,730,183
koryun_3,mesrop_mashtoc_1,249,32
koryun_3,baghramyan_1,710,151
koryun_3,mesrop_mashtoc_4,791,166
koryun_3,mesrop_mashtoc_3-,1058,296
koryun_3,moskovyan_3,921,177
koryun_3,teryan_4,970,193
koryun_3,teryan_3-,872,172
koryun_3,teryan_5,1244,276
sayat_nova_6,isahakyan_4,564,173
sayat_nova_6,koryun_3-,751,173
sayat_nova_6,mesrop_mashtoc_1,937,207
sayat_nova_6,baghramyan_1,232,79
sayat_nova_6,mesrop_mashtoc_4,298,81
sayat_nova_6,mesrop_mashtoc_3-,197,75
sayat_nova_6,moskovyan_3,667,177
sayat_nova_6,teryan_4,716,193
sayat_nova_6,teryan_3-,618,172
sayat_nova_6,teryan_5,569,232
sayat_nova_6,isahakyan_4,564,173
sayat_nova_6,koryun_3-,751,173
sayat_nova_6,mesrop_mashtoc_1,937,207
sayat_nova_6,baghramyan_1,232,79
sayat_nova_6,mesrop_mashtoc_4,298,81
sayat_nova_6,mesrop_mashtoc_3-,197,75
sayat_nova_6,moskovyan_3,667,177
sayat_nova_6,teryan_4,716,193
sayat_nova_6,teryan_3-,618,172
sayat_nova_6,teryan_5,569,232
sayat_nova_6,isahakyan_4,564,173
sayat_nova_6,koryun_3-,751,173
sayat_nova_6,mesrop_mashtoc_1,937,207
sayat_nova_6,baghramyan_1,232,79
sayat_nova_6,mesrop_mashtoc_4,298,81
sayat_nova_6,mesrop_mashtoc_3-,197,75
sayat_nova_6,moskovyan_3,667,177
sayat_nova_6,teryan_4,716,193
sayat_nova_6,teryan_3-,618,172
sayat_nova_6,teryan_5,569,232
moskovyan_2,isahakyan_4,745,176
moskovyan_2,koryun_3-,932,187
moskovyan_2,mesrop_mashtoc_1,1118,221
moskovyan_2,baghramyan_1,915,225
moskovyan_2,mesrop_mashtoc_4,663,222
moskovyan_2,mesrop_mashtoc_3-,562,216
moskovyan_2,moskovyan_3,272,52
moskovyan_2,teryan_4,321,68
moskovyan_2,teryan_3-,223,47
moskovyan_2,teryan_5,594,151
moskovyan_2,isahakyan_4,745,176
moskovyan_2,koryun_3-,932,187
moskovyan_2,mesrop_mashtoc_1,1118,221
moskovyan_2,baghramyan_1,915,225
moskovyan_2,mesrop_mashtoc_4,663,222
moskovyan_2,mesrop_mashtoc_3-,562,216
moskovyan_2,moskovyan_3,272,52
moskovyan_2,teryan_4,321,68
moskovyan_2,teryan_3-,223,47
moskovyan_2,teryan_5,594,151
moskovyan_2,isahakyan_4,745,176
moskovyan_2,koryun_3-,932,187
moskovyan_2,mesrop_mashtoc_1,1118,221
moskovyan_2,baghramyan_1,915,225
moskovyan_2,mesrop_mashtoc_4,663,222
moskovyan_2,mesrop_mashtoc_3-,562,216
moskovyan_2,moskovyan_3,272,52
moskovyan_2,teryan_4,321,68
moskovyan_2,teryan_3-,223,47
moskovyan_2,teryan_5,594,151
teryan_4,isahakyan_4,728,181
teryan_4,koryun_3-,915,192
teryan_4,mesrop_mashtoc_1,1101,226
teryan_4,baghramyan_1,575,174
teryan_4,mesrop_mashtoc_4,641,176
teryan_4,mesrop_mashtoc_3-,540,171
teryan_4,moskovyan_3,255,62
teryan_4,teryan_4,0,0
teryan_4,teryan_3-,206,52
teryan_4,teryan_5,273,83
teryan_4,sayat_nova_6,343,96
teryan_4,sayat_nova_5-,588,187
teryan_4,teryan_5,273,83
teryan_4,teryan_4-,0,0
teryan_4,teryan_4-,0,0
teryan_4,sayat_nova_5-,588,187
teryan_4,teryan_4-,0,0
teryan_4,sayat_nova_6,343,96
teryan_4,teryan_5,273,83
teryan_4,abovyan_5,800,196
sayat_nova_6-,sayat_nova_6,57,25
sayat_nova_6-,sayat_nova_5-,269,84
sayat_nova_6-,teryan_5,259,84
sayat_nova_6-,teryan_4-,345,97
sayat_nova_6-,teryan_4-,345,97
sayat_nova_6-,sayat_nova_5-,269,84
sayat_nova_6-,teryan_4-,345,97
sayat_nova_6-,sayat_nova_6,57,25
sayat_nova_6-,teryan_5,259,84
sayat_nova_6-,abovyan_5,469,138
sayat_nova_6-,sayat_nova_6,57,25
sayat_nova_6-,sayat_nova_5-,269,84
sayat_nova_6-,teryan_5,259,84
sayat_nova_6-,teryan_4-,345,97
sayat_nova_6-,teryan_4-,345,97
sayat_nova_6-,sayat_nova_5-,269,84
sayat_nova_6-,teryan_4-,345,97
sayat_nova_6-,sayat_nova_6,57,25
sayat_nova_6-,teryan_5,259,84
sayat_nova_6-,abovyan_5,469,138
sayat_nova_6-,sayat_nova_6,57,25
sayat_nova_6-,sayat_nova_5-,269,84
sayat_nova_6-,teryan_5,259,84
sayat_nova_6-,teryan_4-,345,97
sayat_nova_6-,teryan_4-,345,97
sayat_nova_6-,sayat_nova_5-,269,84
sayat_nova_6-,teryan_4-,345,97
sayat_nova_6-,sayat_nova_6,57,25
sayat_nova_6-,teryan_5,259,84
sayat_nova_6-,abovyan_5,469,138
teryan_5-,sayat_nova_6,461,173
teryan_5-,sayat_nova_5-,196,73
teryan_5-,teryan_5,1,0
teryan_5-,teryan_4-,272,80
teryan_5-,teryan_4-,272,80
teryan_5-,sayat_nova_5-,196,73
teryan_5-,teryan_4-,272,80
teryan_5-,sayat_nova_6,461,173
teryan_5-,teryan_5,1,0
teryan_5-,abovyan_5,396,127
teryan_5-,sayat_nova_6,461,173
teryan_5-,sayat_nova_5-,196,73
teryan_5-,teryan_5,1,0
teryan_5-,teryan_4-,272,80
teryan_5-,teryan_4-,272,80
teryan_5-,sayat_nova_5-,196,73
teryan_5-,teryan_4-,272,80
teryan_5-,sayat_nova_6,461,173
teryan_5-,teryan_5,1,0
teryan_5-,abovyan_5,396,127
sayat_nova_5,sayat_nova_6,267,61
sayat_nova_5,sayat_nova_5-,1,0
sayat_nova_5,teryan_5,198,58
sayat_nova_5,teryan_4-,284,78
sayat_nova_5,teryan_4-,284,78
sayat_nova_5,sayat_nova_5-,1,0
sayat_nova_5,teryan_4-,284,78
sayat_nova_5,sayat_nova_6,267,61
sayat_nova_5,teryan_5,198,58
sayat_nova_5,abovyan_5,199,53
sayat_nova_5,sayat_nova_6,267,61
sayat_nova_5,sayat_nova_5-,1,0
sayat_nova_5,teryan_5,198,58
sayat_nova_5,teryan_4-,284,78
sayat_nova_5,teryan_4-,284,78
sayat_nova_5,sayat_nova_5-,1,0
sayat_nova_5,teryan_4-,284,78
sayat_nova_5,sayat_nova_6,267,61
sayat_nova_5,teryan_5,198,58
sayat_nova_5,abovyan_5,199,53
sayat_nova_5,sayat_nova_6,267,61
sayat_nova_5,sayat_nova_5-,1,0
sayat_nova_5,teryan_5,198,58
sayat_nova_5,teryan_4-,284,78
sayat_nova_5,teryan_4-,284,78
sayat_nova_5,sayat_nova_5-,1,0
sayat_nova_5,teryan_4-,284,78
sayat_nova_5,sayat_nova_6,267,61
sayat_nova_5,teryan_5,198,58
sayat_nova_5,abovyan_5,199,53
sayat_nova_5-,sayat_nova_6,266,61
sayat_nova_5-,sayat_nova_5-,0,0
sayat_nova_5-,teryan_5,197,57
sayat_nova_5-,teryan_4-,283,78
sayat_nova_5-,teryan_4-,283,78
sayat_nova_5-,sayat_nova_5-,0,0
sayat_nova_5-,teryan_4-,283,78
sayat_nova_5-,sayat_nova_6,266,61
sayat_nova_5-,teryan_5,197,57
sayat_nova_5-,abovyan_5,200,54
sayat_nova_5-,sayat_nova_4-,226,51
sayat_nova_5-,moskovyan_3,538,140
sayat_nova_5-,teryan_3-,489,130
sayat_nova_5-,sayat_nova_5-,0,0
sayat_nova_5-,abovyan_5,200,54
sayat_nova_5-,abovyan_5,200,54
sayat_nova_5-,sayat_nova_5,1,0
sayat_nova_5-,sayat_nova_4-,226,51
sayat_nova_5-,mesrop_mashtoc_2,913,236
sayat_nova_5-,isahakyan_4,830,233
teryan_4-,sayat_nova_4-,825,201
teryan_4-,moskovyan_3,255,62
teryan_4-,teryan_3-,206,52
teryan_4-,sayat_nova_5-,588,187
teryan_4-,abovyan_5,800,196
teryan_4-,abovyan_5,800,196
teryan_4-,sayat_nova_5,589,187
teryan_4-,sayat_nova_4-,825,201
teryan_4-,mesrop_mashtoc_2,630,158
teryan_4-,isahakyan_4,728,181
teryan_4-,sayat_nova_4-,825,201
teryan_4-,moskovyan_3,255,62
teryan_4-,teryan_3-,206,52
teryan_4-,sayat_nova_5-,588,187
teryan_4-,abovyan_5,800,196
teryan_4-,abovyan_5,800,196
teryan_4-,sayat_nova_5,589,187
teryan_4-,sayat_nova_4-,825,201
teryan_4-,mesrop_mashtoc_2,630,158
teryan_4-,isahakyan_4,728,181
sayat_nova_4,sayat_nova_4-,2,1
sayat_nova_4,moskovyan_3,766,213
sayat_nova_4,teryan_3-,717,202
sayat_nova_4,sayat_nova_5-,228,73
sayat_nova_4,abovyan_5,217,71
sayat_nova_4,abovyan_5,217,71
sayat_nova_4,sayat_nova_5,227,73
sayat_nova_4,sayat_nova_4-,2,1
sayat_nova_4,mesrop_mashtoc_2,1141,309
sayat_nova_4,isahakyan_4,1058,306
sayat_nova_4,sayat_nova_4-,2,1
sayat_nova_4,moskovyan_3,766,213
sayat_nova_4,teryan_3-,717,202
sayat_nova_4,sayat_nova_5-,228,73
sayat_nova_4,abovyan_5,217,71
sayat_nova_4,abovyan_5,217,71
sayat_nova_4,sayat_nova_5,227,73
sayat_nova_4,sayat_nova_4-,2,1
sayat_nova_4,mesrop_mashtoc_2,1141,309
sayat_nova_4,isahakyan_4,1058,306
abovyan_4,sayat_nova_4-,298,85
abovyan_4,moskovyan_3,822,229
abovyan_4,teryan_3-,773,219
abovyan_4,sayat_nova_5-,284,89
abovyan_4,abovyan_5,273,80
abovyan_4,abovyan_5,273,80
abovyan_4,sayat_nova_5,283,89
abovyan_4,sayat_nova_4-,298,85
abovyan_4,mesrop_mashtoc_2,1197,326
abovyan_4,isahakyan_4,1114,323
abovyan_4,sayat_nova_4-,298,85
abovyan_4,moskovyan_3,822,229
abovyan_4,teryan_3-,773,219
abovyan_4,sayat_nova_5-,284,89
abovyan_4,abovyan_5,273,80
abovyan_4,abovyan_5,273,80
abovyan_4,sayat_nova_5,283,89
abovyan_4,sayat_nova_4-,298,85
abovyan_4,mesrop_mashtoc_2,1197,326
abovyan_4,isahakyan_4,1114,323
abovyan_4,sayat_nova_4-,298,85
abovyan_4,moskovyan_3,822,229
abovyan_4,teryan_3-,773,219
abovyan_4,sayat_nova_5-,284,89
abovyan_4,abovyan_5,273,80
abovyan_4,abovyan_5,273,80
abovyan_4,sayat_nova_5,283,89
abovyan_4,sayat_nova_4-,298,85
abovyan_4,mesrop_mashtoc_2,1197,326
abovyan_4,isahakyan_4,1114,323
isahakyan_3,sayat_nova_4-,1266,292
isahakyan_3,moskovyan_3,695,153
isahakyan_3,teryan_3-,646,148
isahakyan_3,sayat_nova_5-,846,256
isahakyan_3,abovyan_5,1240,287
isahakyan_3,abovyan_5,1240,287
isahakyan_3,sayat_nova_5,847,256
isahakyan_3,sayat_nova_4-,1266,292
isahakyan_3,mesrop_mashtoc_2,215,57
isahakyan_3,isahakyan_4,314,79
isahakyan_3,sayat_nova_4-,1266,292
isahakyan_3,moskovyan_3,695,153
isahakyan_3,teryan_3-,646,148
isahakyan_3,sayat_nova_5-,846,256
isahakyan_3,abovyan_5,1240,287
isahakyan_3,abovyan_5,1240,287
isahakyan_3,sayat_nova_5,847,256
isahakyan_3,sayat_nova_4-,1266,292
isahakyan_3,mesrop_mashtoc_2,215,57
isahakyan_3,isahakyan_4,314,79
isahakyan_3,mesrop_mashtoc_1-,257,58
isahakyan_3,teryan_4,744,170
isahakyan_3,moskovyan_3,695,153
isahakyan_3,isahakyan_3,0,0
isahakyan_3,teryan_2-,734,163
isahakyan_3,moskovyan_4,953,199
isahakyan_3,abovyan_4,968,207
isahakyan_3,abovyan_3-,854,188
isahakyan_3,isahakyan_3,0,0
isahakyan_3,teryan_3,646,148
teryan_3,mesrop_mashtoc_1-,461,107
teryan_3,teryan_4,206,44
teryan_3,moskovyan_3,156,38
teryan_3,isahakyan_3,204,49
teryan_3,teryan_2-,153,38
teryan_3,moskovyan_4,414,84
teryan_3,abovyan_4,429,92
teryan_3,abovyan_3-,315,73
teryan_3,isahakyan_3,204,49
teryan_3,teryan_3,0,0
teryan_3,mesrop_mashtoc_1-,461,107
teryan_3,teryan_4,206,44
teryan_3,moskovyan_3,156,38
teryan_3,isahakyan_3,204,49
teryan_3,teryan_2-,153,38
teryan_3,moskovyan_4,414,84
teryan_3,abovyan_4,429,92
teryan_3,abovyan_3-,315,73
teryan_3,isahakyan_3,204,49
teryan_3,teryan_3,0,0
teryan_3-,mesrop_mashtoc_1-,465,108
teryan_3-,teryan_4,206,44
teryan_3-,moskovyan_3,157,38
teryan_3-,isahakyan_3,208,50
teryan_3-,teryan_2-,157,39
teryan_3-,moskovyan_4,414,84
teryan_3-,abovyan_4,429,92
teryan_3-,abovyan_3-,315,73
teryan_3-,isahakyan_3,208,50
teryan_3-,teryan_3,0,0
teryan_3-,mesrop_mashtoc_1-,465,108
teryan_3-,teryan_4,206,44
teryan_3-,moskovyan_3,157,38
teryan_3-,isahakyan_3,208,50
teryan_3-,teryan_2-,157,39
teryan_3-,moskovyan_4,414,84
teryan_3-,abovyan_4,429,92
teryan_3-,abovyan_3-,315,73
teryan_3-,isahakyan_3,208,50
teryan_3-,teryan_3,0,0
moskovyan_3,mesrop_mashtoc_1-,1446,300
moskovyan_3,teryan_4,840,221
moskovyan_3,moskovyan_3,0,0
moskovyan_3,isahakyan_3,1189,243
moskovyan_3,teryan_2-,1138,245
moskovyan_3,moskovyan_4,258,46
moskovyan_3,abovyan_4,272,54
moskovyan_3,abovyan_3-,158,35
moskovyan_3,isahakyan_3,1189,243
moskovyan_3,teryan_3,1086,229
moskovyan_3,mesrop_mashtoc_1-,1446,300
moskovyan_3,teryan_4,840,221
moskovyan_3,moskovyan_3,0,0
moskovyan_3,isahakyan_3,1189,243
moskovyan_3,teryan_2-,1138,245
moskovyan_3,moskovyan_4,258,46
moskovyan_3,abovyan_4,272,54
moskovyan_3,abovyan_3-,158,35
moskovyan_3,isahakyan_3,1189,243
moskovyan_3,teryan_3,1086,229
moskovyan_3,mesrop_mashtoc_1-,1446,300
moskovyan_3,teryan_4,840,221
moskovyan_3,moskovyan_3,0,0
moskovyan_3,isahakyan_3,1189,243
moskovyan_3,teryan_2-,1138,245
moskovyan_3,moskovyan_4,258,46
moskovyan_3,abovyan_4,272,54
moskovyan_3,abovyan_3-,158,35
moskovyan_3,isahakyan_3,1189,243
moskovyan_3,teryan_3,1086,229
isahakyan_2,mesrop_mashtoc_1-,512,114
isahakyan_2,teryan_4,362,88
isahakyan_2,moskovyan_3,313,82
isahakyan_2,isahakyan_3,255,56
isahakyan_2,teryan_2-,204,58
isahakyan_2,moskovyan_4,571,128
isahakyan_2,abovyan_4,586,136
isahakyan_2,abovyan_3-,472,117
isahakyan_2,isahakyan_3,255,56
isahakyan_2,teryan_3,152,43
isahakyan_2,mesrop_mashtoc_1-,512,114
isahakyan_2,teryan_4,362,88
isahakyan_2,moskovyan_3,313,82
isahakyan_2,isahakyan_3,255,56
isahakyan_2,teryan_2-,204,58
isahakyan_2,moskovyan_4,571,128
isahakyan_2,abovyan_4,586,136
isahakyan_2,abovyan_3-,472,117
isahakyan_2,isahakyan_3,255,56
isahakyan_2,teryan_3,152,43
isahakyan_2,teryan_2-,204,58
isahakyan_2,abovyan_4,586,136
isahakyan_2,moskovyan_4,571,128
isahakyan_2,abovyan_2-,618,152
isahakyan_2,koryun_2-,393,127
isahakyan_2,teryan_2,204,58
isahakyan_2,teryan_1-,539,140
isahakyan_2,teryan_3,152,43
isahakyan_2,isahakyan_3,255,56
isahakyan_2,teryan_2,204,58
abovyan_3,teryan_2-,1094,239
abovyan_3,abovyan_4,228,47
abovyan_3,moskovyan_4,213,40
abovyan_3,abovyan_2-,144,34
abovyan_3,koryun_2-,1165,269
abovyan_3,teryan_2,1094,239
abovyan_3,teryan_1-,1572,232
abovyan_3,teryan_3,1042,224
abovyan_3,isahakyan_3,1145,237
abovyan_3,teryan_2,1094,239
abovyan_3,teryan_2-,1094,239
abovyan_3,abovyan_4,228,47
abovyan_3,moskovyan_4,213,40
abovyan_3,abovyan_2-,144,34
abovyan_3,koryun_2-,1165,269
abovyan_3,teryan_2,1094,239
abovyan_3,teryan_1-,1572,232
abovyan_3,teryan_3,1042,224
abovyan_3,isahakyan_3,1145,237
abovyan_3,teryan_2,1094,239
abovyan_3-,teryan_2-,1092,239
abovyan_3-,abovyan_4,226,47
abovyan_3-,moskovyan_4,211,40
abovyan_3-,abovyan_2-,146,35
abovyan_3-,koryun_2-,1167,270
abovyan_3-,teryan_2,1092,239
abovyan_3-,teryan_1-,1574,233
abovyan_3-,teryan_3,1040,223
abovyan_3-,isahakyan_3,1143,237
abovyan_3-,teryan_2,1092,239
koryun_3-,teryan_2-,233,73
koryun_3-,abovyan_4,817,190
koryun_3-,moskovyan_4,802,184
koryun_3-,abovyan_2-,445,108
koryun_3-,koryun_2-,227,56
koryun_3-,teryan_2,233,73
koryun_3-,teryan_1-,373,77
koryun_3-,teryan_3,389,121
koryun_3-,isahakyan_3,492,141
koryun_3-,teryan_2,233,73
koryun_3-,teryan_2-,233,73
koryun_3-,abovyan_4,817,190
koryun_3-,moskovyan_4,802,184
koryun_3-,abovyan_2-,445,108
koryun_3-,koryun_2-,227,56
koryun_3-,teryan_2,233,73
koryun_3-,teryan_1-,373,77
koryun_3-,teryan_3,389,121
koryun_3-,isahakyan_3,492,141
koryun_3-,teryan_2,233,73
koryun_3-,teryan_2-,233,73
koryun_3-,abovyan_4,817,190
koryun_3-,moskovyan_4,802,184
koryun_3-,abovyan_2-,445,108
koryun_3-,koryun_2-,227,56
koryun_3-,teryan_2,233,73
koryun_3-,teryan_1-,373,77
koryun_3-,teryan_3,389,121
koryun_3-,isahakyan_3,492,141
koryun_3-,teryan_2,233,73
teryan_2,teryan_2-,0,0
teryan_2,abovyan_4,586,140
teryan_2,moskovyan_4,572,132
teryan_2,abovyan_2-,403,117
teryan_2,koryun_2-,186,65
teryan_2,teryan_2,0,0
teryan_2,teryan_1-,332,79
teryan_2,teryan_3,153,46
teryan_2,isahakyan_3,256,67
teryan_2,teryan_2,0,0
teryan_2,teryan_2-,0,0
teryan_2,abovyan_4,586,140
teryan_2,moskovyan_4,572,132
teryan_2,abovyan_2-,403,117
teryan_2,koryun_2-,186,65
teryan_2,teryan_2,0,0
teryan_2,teryan_1-,332,79
teryan_2,teryan_3,153,46
teryan_2,isahakyan_3,256,67
teryan_2,teryan_2,0,0
teryan_1,teryan_2-,332,76
teryan_1,abovyan_4,916,206
teryan_1,moskovyan_4,907,209
teryan_1,abovyan_2-,544,123
teryan_1,koryun_2-,326,72
teryan_1,teryan_2,332,76
teryan_1,teryan_1-,0,0
teryan_1,teryan_3,488,124
teryan_1,isahakyan_3,591,144
teryan_1,teryan_2,332,76
teryan_1,koryun_3,372,62
teryan_1,koryun_2-,326,72
teryan_1,teryan_1-,0,0
teryan_1,koryun_2-,326,72
teryan_1,koryun_3,372,62
teryan_1,teryan_1-,0,0
teryan_1,teryan_2,332,76
teryan_1,koryun_1-,534,120
teryan_1,abovyan_2,544,123
teryan_1,abovyan_1-,724,142
teryan_1,koryun_3,372,62
teryan_1,koryun_2-,326,72
teryan_1,teryan_1-,0,0
teryan_1,koryun_2-,326,72
teryan_1,koryun_3,372,62
teryan_1,teryan_1-,0,0
teryan_1,teryan_2,332,76
teryan_1,koryun_1-,534,120
teryan_1,abovyan_2,544,123
teryan_1,abovyan_1-,724,142
teryan_2-,koryun_3,671,207
teryan_2-,koryun_2-,186,65
teryan_2-,teryan_1-,332,79
teryan_2-,koryun_2-,186,65
teryan_2-,koryun_3,671,207
teryan_2-,teryan_1-,332,79
teryan_2-,teryan_2,0,0
teryan_2-,koryun_1-,394,114
teryan_2-,abovyan_2,404,117
teryan_2-,abovyan_1-,583,136
teryan_2-,koryun_3,671,207
teryan_2-,koryun_2-,186,65
teryan_2-,teryan_1-,332,79
teryan_2-,koryun_2-,186,65
teryan_2-,koryun_3,671,207
teryan_2-,teryan_1-,332,79
teryan_2-,teryan_2,0,0
teryan_2-,koryun_1-,394,114
teryan_2-,abovyan_2,404,117
teryan_2-,abovyan_1-,583,136
koryun_2,koryun_3,238,60
koryun_2,koryun_2-,192,61
koryun_2,teryan_1-,316,81
koryun_2,koryun_2-,192,61
koryun_2,koryun_3,238,60
koryun_2,teryan_1-,316,81
koryun_2,teryan_2,198,66
koryun_2,koryun_1-,400,110
koryun_2,abovyan_2,410,113
koryun_2,abovyan_1-,590,132
koryun_2,koryun_3,238,60
koryun_2,koryun_2-,192,61
koryun_2,teryan_1-,316,81
koryun_2,koryun_2-,192,61
koryun_2,koryun_3,238,60
koryun_2,teryan_1-,316,81
koryun_2,teryan_2,198,66
koryun_2,koryun_1-,400,110
koryun_2,abovyan_2,410,113
koryun_2,abovyan_1-,590,132
koryun_2,koryun_3,238,60
koryun_2,koryun_2-,192,61
koryun_2,teryan_1-,316,81
koryun_2,koryun_2-,192,61
koryun_2,koryun_3,238,60
koryun_2,teryan_1-,316,81
koryun_2,teryan_2,198,66
koryun_2,koryun_1-,400,110
koryun_2,abovyan_2,410,113
koryun_2,abovyan_1-,590,132
koryun_2-,koryun_3,485,141
koryun_2-,koryun_2-,0,0
koryun_2-,teryan_1-,563,162
koryun_2-,koryun_2-,0,0
koryun_2-,koryun_3,485,141
koryun_2-,teryan_1-,563,162
koryun_2-,teryan_2,619,157
koryun_2-,koryun_1-,208,49
koryun_2-,abovyan_2,218,52
koryun_2-,abovyan_1-,398,70
koryun_2-,koryun_3,485,141
koryun_2-,koryun_2-,0,0
koryun_2-,teryan_1-,563,162
koryun_2-,koryun_2-,0,0
koryun_2-,koryun_3,485,141
koryun_2-,teryan_1-,563,162
koryun_2-,teryan_2,619,157
koryun_2-,koryun_1-,208,49
koryun_2-,abovyan_2,218,52
koryun_2-,abovyan_1-,398,70
koryun_2-,koryun_3,485,141
koryun_2-,koryun_2-,0,0
koryun_2-,teryan_1-,563,162
koryun_2-,koryun_2-,0,0
koryun_2-,koryun_3,485,141
koryun_2-,teryan_1-,563,162
koryun_2-,teryan_2,619,157
koryun_2-,koryun_1-,208,49
koryun_2-,abovyan_2,218,52
koryun_2-,abovyan_1-,398,70
abovyan_1,abovyan_2,389,62
abovyan_1,koryun_2,369,65
abovyan_1,koryun_1-,379,77
abovyan_1,abovyan_3,532,97
abovyan_1,isahakyan_2,586,109
abovyan_1,abovyan_1-,568,110
abovyan_1,koryun_1-,379,77
abovyan_1,isahakyan_2,586,109
abovyan_1,abovyan_2-,388,62
abovyan_1,abovyan_3,532,97
abovyan_1,abovyan_2,389,62
abovyan_1,koryun_2,369,65
abovyan_1,koryun_1-,379,77
abovyan_1,abovyan_3,532,97
abovyan_1,isahakyan_2,586,109
abovyan_1,abovyan_1-,568,110
abovyan_1,koryun_1-,379,77
abovyan_1,isahakyan_2,586,109
abovyan_1,abovyan_2-,388,62
abovyan_1,abovyan_3,532,97
abovyan_1,abovyan_2,389,62
abovyan_1,koryun_2,369,65
abovyan_1,koryun_1-,379,77
abovyan_1,abovyan_3,532,97
abovyan_1,isahakyan_2,586,109
abovyan_1,abovyan_1-,568,110
abovyan_1,koryun_1-,379,77
abovyan_1,isahakyan_2,586,109
abovyan_1,abovyan_2-,388,62
abovyan_1,abovyan_3,532,97
abovyan_2,abovyan_2,0,0
abovyan_2,koryun_2,829,174
abovyan_2,koryun_1-,202,43
abovyan_2,abovyan_3,144,35
abovyan_2,isahakyan_2,197,46
abovyan_2,abovyan_1-,392,66
abovyan_2,koryun_1-,202,43
abovyan_2,isahakyan_2,197,46
abovyan_2,abovyan_2-,0,0
abovyan_2,abovyan_3,144,35
abovyan_2,abovyan_2,0,0
abovyan_2,koryun_2,829,174
abovyan_2,koryun_1-,202,43
abovyan_2,abovyan_3,144,35
abovyan_2,isahakyan_2,197,46
abovyan_2,abovyan_1-,392,66
abovyan_2,koryun_1-,202,43
abovyan_2,isahakyan_2,197,46
abovyan_2,abovyan_2-,0,0
abovyan_2,abovyan_3,144,35
abovyan_2-,abovyan_2,0,0
abovyan_2-,koryun_2,829,174
abovyan_2-,koryun_1-,202,43
abovyan_2-,abovyan_3,144,35
abovyan_2-,isahakyan_2,198,46
abovyan_2-,abovyan_1-,392,66
abovyan_2-,koryun_1-,202,43
abovyan_2-,isahakyan_2,198,46
abovyan_2-,abovyan_2-,0,0
abovyan_2-,abovyan_3,144,35
abovyan_2-,abovyan_2,0,0
abovyan_2-,koryun_2,829,174
abovyan_2-,koryun_1-,202,43
abovyan_2-,abovyan_3,144,35
abovyan_2-,isahakyan_2,198,46
abovyan_2-,abovyan_1-,392,66
abovyan_2-,koryun_1-,202,43
abovyan_2-,isahakyan_2,198,46
abovyan_2-,abovyan_2-,0,0
abovyan_2-,abovyan_3,144,35
isahakyan_1,abovyan_2,257,53
isahakyan_1,koryun_2,1087,227
isahakyan_1,koryun_1-,460,96
isahakyan_1,abovyan_3,741,173
isahakyan_1,isahakyan_2,267,55
isahakyan_1,abovyan_1-,649,119
isahakyan_1,koryun_1-,460,96
isahakyan_1,isahakyan_2,267,55
isahakyan_1,abovyan_2-,258,53
isahakyan_1,abovyan_3,741,173
isahakyan_1,abovyan_2,257,53
isahakyan_1,koryun_2,1087,227
isahakyan_1,koryun_1-,460,96
isahakyan_1,abovyan_3,741,173
isahakyan_1,isahakyan_2,267,55
isahakyan_1,abovyan_1-,649,119
isahakyan_1,koryun_1-,460,96
isahakyan_1,isahakyan_2,267,55
isahakyan_1,abovyan_2-,258,53
isahakyan_1,abovyan_3,741,173
isahakyan_1,abovyan_2,257,53
isahakyan_1,koryun_2,1087,227
isahakyan_1,koryun_1-,460,96
isahakyan_1,abovyan_3,741,173
isahakyan_1,isahakyan_2,267,55
isahakyan_1,abovyan_1-,649,119
isahakyan_1,koryun_1-,460,96
isahakyan_1,isahakyan_2,267,55
isahakyan_1,abovyan_2-,258,53
isahakyan_1,abovyan_3,741,173
koryun_1,koryun_2,213,65
koryun_1,abovyan_1-,363,63
koryun_1,charents_2-,1302,270
koryun_1,nalbandyan_1,965,250
koryun_1,heratsi_2,994,147
koryun_1,khanjyan_1-,1902,228
koryun_1,nalbandyan_3,1469,308
koryun_1,nalbandyan_2-,1117,285
koryun_1,nalbandyan_4,1690,394
koryun_1,sayat_nova_3-,1923,388
koryun_1,koryun_2,213,65
koryun_1,abovyan_1-,363,63
koryun_1,charents_2-,1302,270
koryun_1,nalbandyan_1,965,250
koryun_1,heratsi_2,994,147
koryun_1,khanjyan_1-,1902,228
koryun_1,nalbandyan_3,1469,308
koryun_1,nalbandyan_2-,1117,285
koryun_1,nalbandyan_4,1690,394
koryun_1,sayat_nova_3-,1923,388
koryun_1-,koryun_2,1692,356
koryun_1-,abovyan_1-,1254,248
koryun_1-,charents_2-,689,95
koryun_1-,nalbandyan_1,352,75
koryun_1-,heratsi_2,958,131
koryun_1-,khanjyan_1-,672,144
koryun_1-,nalbandyan_3,703,155
koryun_1-,nalbandyan_2-,504,109
koryun_1-,nalbandyan_4,924,241
koryun_1-,sayat_nova_3-,1157,243
koryun_1-,koryun_2,1692,356
koryun_1-,abovyan_1-,1254,248
koryun_1-,charents_2-,689,95
koryun_1-,nalbandyan_1,352,75
koryun_1-,heratsi_2,958,131
koryun_1-,khanjyan_1-,672,144
koryun_1-,nalbandyan_3,703,155
koryun_1-,nalbandyan_2-,504,109
koryun_1-,nalbandyan_4,924,241
koryun_1-,sayat_nova_3-,1157,243
koryun_1-,koryun_2,1692,356
koryun_1-,abovyan_1-,1254,248
koryun_1-,charents_2-,689,95
koryun_1-,nalbandyan_1,352,75
koryun_1-,heratsi_2,958,131
koryun_1-,khanjyan_1-,672,144
koryun_1-,nalbandyan_3,703,155
koryun_1-,nalbandyan_2-,504,109
koryun_1-,nalbandyan_4,924,241
koryun_1-,sayat_nova_3-,1157,243
moskovyan_4,koryun_2,1496,313
moskovyan_4,abovyan_1-,1059,205
moskovyan_4,charents_2-,890,126
moskovyan_4,nalbandyan_1,351,65
moskovyan_4,heratsi_2,1159,161
moskovyan_4,khanjyan_1-,261,45
moskovyan_4,nalbandyan_3,291,64
moskovyan_4,nalbandyan_2-,199,40
moskovyan_4,nalbandyan_4,512,150
moskovyan_4,sayat_nova_3-,745,144
moskovyan_4,koryun_2,1496,313
moskovyan_4,abovyan_1-,1059,205
moskovyan_4,charents_2-,890,126
moskovyan_4,nalbandyan_1,351,65
moskovyan_4,heratsi_2,1159,161
moskovyan_4,khanjyan_1-,261,45
moskovyan_4,nalbandyan_3,291,64
moskovyan_4,nalbandyan_2-,199,40
moskovyan_4,nalbandyan_4,512,150
moskovyan_4,sayat_nova_3-,745,144
moskovyan_4,koryun_2,1496,313
moskovyan_4,abovyan_1-,1059,205
moskovyan_4,charents_2-,890,126
moskovyan_4,nalbandyan_1,351,65
moskovyan_4,heratsi_2,1159,161
moskovyan_4,khanjyan_1-,261,45
moskovyan_4,nalbandyan_3,291,64
moskovyan_4,nalbandyan_2-,199,40
moskovyan_4,nalbandyan_4,512,150
moskovyan_4,sayat_nova_3-,745,144
sayat_nova_4-,koryun_2,1759,378
sayat_nova_4-,abovyan_1-,1322,270
sayat_nova_4-,charents_2-,1153,191
sayat_nova_4-,nalbandyan_1,614,131
sayat_nova_4-,heratsi_2,1422,227
sayat_nova_4-,khanjyan_1-,524,112
sayat_nova_4-,nalbandyan_3,263,69
sayat_nova_4-,nalbandyan_2-,462,105
sayat_nova_4-,nalbandyan_4,209,71
sayat_nova_4-,sayat_nova_3-,296,73
sayat_nova_4-,koryun_2,1759,378
sayat_nova_4-,abovyan_1-,1322,270
sayat_nova_4-,charents_2-,1153,191
sayat_nova_4-,nalbandyan_1,614,131
sayat_nova_4-,heratsi_2,1422,227
sayat_nova_4-,khanjyan_1-,524,112
sayat_nova_4-,nalbandyan_3,263,69
sayat_nova_4-,nalbandyan_2-,462,105
sayat_nova_4-,nalbandyan_4,209,71
sayat_nova_4-,sayat_nova_3-,296,73
sayat_nova_4-,nalbandyan_3-,264,69
sayat_nova_4-,nalbandyan_2-,462,105
sayat_nova_4-,isahakyan_1,673,151
sayat_nova_4-,heratsi_2,1422,227
sayat_nova_4-,charents_2-,1153,191
sayat_nova_4-,nalbandyan_3,263,69
sayat_nova_4-,khanjyan_1-,524,112
sayat_nova_4-,isahakyan_1,673,151
sayat_nova_4-,nalbandyan_1-,613,131
sayat_nova_4-,nalbandyan_4,209,71
nalbandyan_1,nalbandyan_3-,350,80
nalbandyan_1,nalbandyan_2-,152,35
nalbandyan_1,isahakyan_1,253,54
nalbandyan_1,heratsi_2,808,96
nalbandyan_1,charents_2-,539,61
nalbandyan_1,nalbandyan_3,351,80
nalbandyan_1,khanjyan_1-,320,69
nalbandyan_1,isahakyan_1,253,54
nalbandyan_1,nalbandyan_1-,1,0
nalbandyan_1,nalbandyan_4,572,166
nalbandyan_1,nalbandyan_3-,350,80
nalbandyan_1,nalbandyan_2-,152,35
nalbandyan_1,isahakyan_1,253,54
nalbandyan_1,heratsi_2,808,96
nalbandyan_1,charents_2-,539,61
nalbandyan_1,nalbandyan_3,351,80
nalbandyan_1,khanjyan_1-,320,69
nalbandyan_1,isahakyan_1,253,54
nalbandyan_1,nalbandyan_1-,1,0
nalbandyan_1,nalbandyan_4,572,166
nalbandyan_1-,nalbandyan_3-,349,80
nalbandyan_1-,nalbandyan_2-,151,35
nalbandyan_1-,isahakyan_1,252,54
nalbandyan_1-,heratsi_2,809,96
nalbandyan_1-,charents_2-,540,61
nalbandyan_1-,nalbandyan_3,350,80
nalbandyan_1-,khanjyan_1-,319,69
nalbandyan_1-,isahakyan_1,252,54
nalbandyan_1-,nalbandyan_1-,0,0
nalbandyan_1-,nalbandyan_4,571,166
nalbandyan_1-,nalbandyan_3-,349,80
nalbandyan_1-,nalbandyan_2-,151,35
nalbandyan_1-,isahakyan_1,252,54
nalbandyan_1-,heratsi_2,809,96
nalbandyan_1-,charents_2-,540,61
nalbandyan_1-,nalbandyan_3,350,80
nalbandyan_1-,khanjyan_1-,319,69
nalbandyan_1-,isahakyan_1,252,54
nalbandyan_1-,nalbandyan_1-,0,0
nalbandyan_1-,nalbandyan_4,571,166
nalbandyan_2,nalbandyan_3-,200,46
nalbandyan_2,nalbandyan_2-,1,0
nalbandyan_2,isahakyan_1,209,45
nalbandyan_2,heratsi_2,958,121
nalbandyan_2,charents_2-,690,86
nalbandyan_2,nalbandyan_3,200,46
nalbandyan_2,khanjyan_1-,170,35
nalbandyan_2,isahakyan_1,209,45
nalbandyan_2,nalbandyan_1-,149,25
nalbandyan_2,nalbandyan_4,422,132
nalbandyan_2,nalbandyan_3-,200,46
nalbandyan_2,nalbandyan_2-,1,0
nalbandyan_2,isahakyan_1,209,45
nalbandyan_2,heratsi_2,958,121
nalbandyan_2,charents_2-,690,86
nalbandyan_2,nalbandyan_3,200,46
nalbandyan_2,khanjyan_1-,170,35
nalbandyan_2,isahakyan_1,209,45
nalbandyan_2,nalbandyan_1-,149,25
nalbandyan_2,nalbandyan_4,422,132
nalbandyan_2-,nalbandyan_3-,198,45
nalbandyan_2-,nalbandyan_2-,0,0
nalbandyan_2-,isahakyan_1,210,46
nalbandyan_2-,heratsi_2,960,122
nalbandyan_2-,charents_2-,691,86
nalbandyan_2-,nalbandyan_3,199,46
nalbandyan_2-,khanjyan_1-,168,34
nalbandyan_2-,isahakyan_1,210,46
nalbandyan_2-,nalbandyan_1-,151,25
nalbandyan_2-,nalbandyan_4,420,132
nalbandyan_2-,nalbandyan_3-,198,45
nalbandyan_2-,nalbandyan_2-,0,0
nalbandyan_2-,isahakyan_1,210,46
nalbandyan_2-,heratsi_2,960,122
nalbandyan_2-,charents_2-,691,86
nalbandyan_2-,nalbandyan_3,199,46
nalbandyan_2-,khanjyan_1-,168,34
nalbandyan_2-,isahakyan_1,210,46
nalbandyan_2-,nalbandyan_1-,151,25
nalbandyan_2-,nalbandyan_4,420,132
nalbandyan_3,nalbandyan_3-,1,0
nalbandyan_3,nalbandyan_2-,199,36
nalbandyan_3,isahakyan_1,410,82
nalbandyan_3,heratsi_2,1159,158
nalbandyan_3,charents_2-,890,122
nalbandyan_3,nalbandyan_3,0,0
nalbandyan_3,khanjyan_1-,261,43
nalbandyan_3,isahakyan_1,410,82
nalbandyan_3,nalbandyan_1-,350,61
nalbandyan_3,nalbandyan_4,221,86
nalbandyan_3,sayat_nova_4,261,95
nalbandyan_3,sayat_nova_3-,308,102
nalbandyan_3,nalbandyan_2-,199,36
nalbandyan_3,khanjyan_1-,261,43
nalbandyan_3,nalbandyan_3-,1,0
nalbandyan_3,sayat_nova_3-,308,102
nalbandyan_3,sayat_nova_4,261,95
nalbandyan_3,sayat_nova_2-,655,129
nalbandyan_3,khanjyan_2-,906,157
nalbandyan_3,sayat_nova_4,261,95
nalbandyan_3,sayat_nova_4,261,95
nalbandyan_3,sayat_nova_3-,308,102
nalbandyan_3,nalbandyan_2-,199,36
nalbandyan_3,khanjyan_1-,261,43
nalbandyan_3,nalbandyan_3-,1,0
nalbandyan_3,sayat_nova_3-,308,102
nalbandyan_3,sayat_nova_4,261,95
nalbandyan_3,sayat_nova_2-,655,129
nalbandyan_3,khanjyan_2-,906,157
nalbandyan_3,sayat_nova_4,261,95
nalbandyan_3-,sayat_nova_4,262,95
nalbandyan_3-,sayat_nova_3-,309,103
nalbandyan_3-,nalbandyan_2-,198,36
nalbandyan_3-,khanjyan_1-,260,43
nalbandyan_3-,nalbandyan_3-,0,0
nalbandyan_3-,sayat_nova_3-,309,103
nalbandyan_3-,sayat_nova_4,262,95
nalbandyan_3-,sayat_nova_2-,654,129
nalbandyan_3-,khanjyan_2-,906,157
nalbandyan_3-,sayat_nova_4,262,95
nalbandyan_3-,sayat_nova_4,262,95
nalbandyan_3-,sayat_nova_3-,309,103
nalbandyan_3-,nalbandyan_2-,198,36
nalbandyan_3-,khanjyan_1-,260,43
nalbandyan_3-,nalbandyan_3-,0,0
nalbandyan_3-,sayat_nova_3-,309,103
nalbandyan_3-,sayat_nova_4,262,95
nalbandyan_3-,sayat_nova_2-,654,129
nalbandyan_3-,khanjyan_2-,906,157
nalbandyan_3-,sayat_nova_4,262,95
nalbandyan_4-,sayat_nova_4,208,62
nalbandyan_4-,sayat_nova_3-,255,70
nalbandyan_4-,nalbandyan_2-,421,95
nalbandyan_4-,khanjyan_1-,483,102
nalbandyan_4-,nalbandyan_3-,223,59
nalbandyan_4-,sayat_nova_3-,255,70
nalbandyan_4-,sayat_nova_4,208,62
nalbandyan_4-,sayat_nova_2-,499,136
nalbandyan_4-,khanjyan_2-,691,153
nalbandyan_4-,sayat_nova_4,208,62
nalbandyan_4-,sayat_nova_4,208,62
nalbandyan_4-,sayat_nova_3-,255,70
nalbandyan_4-,nalbandyan_2-,421,95
nalbandyan_4-,khanjyan_1-,483,102
nalbandyan_4-,nalbandyan_3-,223,59
nalbandyan_4-,sayat_nova_3-,255,70
nalbandyan_4-,sayat_nova_4,208,62
nalbandyan_4-,sayat_nova_2-,499,136
nalbandyan_4-,khanjyan_2-,691,153
nalbandyan_4-,sayat_nova_4,208,62
nalbandyan_4-,sayat_nova_4,208,62
nalbandyan_4-,sayat_nova_3-,255,70
nalbandyan_4-,nalbandyan_2-,421,95
nalbandyan_4-,khanjyan_1-,483,102
nalbandyan_4-,nalbandyan_3-,223,59
nalbandyan_4-,sayat_nova_3-,255,70
nalbandyan_4-,sayat_nova_4,208,62
nalbandyan_4-,sayat_nova_2-,499,136
nalbandyan_4-,khanjyan_2-,691,153
nalbandyan_4-,sayat_nova_4,208,62
sayat_nova_3-,sayat_nova_4,294,79
sayat_nova_3-,sayat_nova_3-,0,0
sayat_nova_3-,nalbandyan_2-,507,116
sayat_nova_3-,khanjyan_1-,485,110
sayat_nova_3-,nalbandyan_3-,309,80
sayat_nova_3-,sayat_nova_3-,0,0
sayat_nova_3-,sayat_nova_4,294,79
sayat_nova_3-,sayat_nova_2-,244,66
sayat_nova_3-,khanjyan_2-,495,96
sayat_nova_3-,sayat_nova_4,294,79
sayat_nova_3-,sayat_nova_4,294,79
sayat_nova_3-,sayat_nova_3-,0,0
sayat_nova_3-,nalbandyan_2-,507,116
sayat_nova_3-,khanjyan_1-,485,110
sayat_nova_3-,nalbandyan_3-,309,80
sayat_nova_3-,sayat_nova_3-,0,0
sayat_nova_3-,sayat_nova_4,294,79
sayat_nova_3-,sayat_nova_2-,244,66
sayat_nova_3-,khanjyan_2-,495,96
sayat_nova_3-,sayat_nova_4,294,79
sayat_nova_3,sayat_nova_4,293,78
sayat_nova_3,sayat_nova_3-,1,0
sayat_nova_3,nalbandyan_2-,506,115
sayat_nova_3,khanjyan_1-,486,111
sayat_nova_3,nalbandyan_3-,308,79
sayat_nova_3,sayat_nova_3-,1,0
sayat_nova_3,sayat_nova_4,293,78
sayat_nova_3,sayat_nova_2-,245,66
sayat_nova_3,khanjyan_2-,496,96
sayat_nova_3,sayat_nova_4,293,78
sayat_nova_3,nalbandyan_3-,308,79
sayat_nova_3,khanjyan_2-,496,96
sayat_nova_3,sayat_nova_3,0,0
sayat_nova_3,sayat_nova_2-,245,66
sayat_nova_3,nalbandyan_2-,506,115
sayat_nova_3,nalbandyan_3,307,79
sayat_nova_3,heratsi_2,1478,239
sayat_nova_3,khanjyan_2-,496,96
sayat_nova_3,khanjyan_1,494,112
sayat_nova_3,koryun_1,1863,283
khanjyan_1-,nalbandyan_3-,260,64
khanjyan_1-,khanjyan_2-,646,114
khanjyan_1-,sayat_nova_3,486,100
khanjyan_1-,sayat_nova_2-,394,86
khanjyan_1-,nalbandyan_2-,168,44
khanjyan_1-,nalbandyan_3,261,64
khanjyan_1-,heratsi_2,1128,165
khanjyan_1-,khanjyan_2-,646,114
khanjyan_1-,khanjyan_1,8,2
khanjyan_1-,koryun_1,2012,303
khanjyan_1-,nalbandyan_3-,260,64
khanjyan_1-,khanjyan_2-,646,114
khanjyan_1-,sayat_nova_3,486,100
khanjyan_1-,sayat_nova_2-,394,86
khanjyan_1-,nalbandyan_2-,168,44
khanjyan_1-,nalbandyan_3,261,64
khanjyan_1-,heratsi_2,1128,165
khanjyan_1-,khanjyan_2-,646,114
khanjyan_1-,khanjyan_1,8,2
khanjyan_1-,koryun_1,2012,303
khanjyan_1-,nalbandyan_3-,260,64
khanjyan_1-,khanjyan_2-,646,114
khanjyan_1-,sayat_nova_3,486,100
khanjyan_1-,sayat_nova_2-,394,86
khanjyan_1-,nalbandyan_2-,168,44
khanjyan_1-,nalbandyan_3,261,64
khanjyan_1-,heratsi_2,1128,165
khanjyan_1-,khanjyan_2-,646,114
khanjyan_1-,khanjyan_1,8,2
khanjyan_1-,koryun_1,2012,303
khanjyan_1,nalbandyan_3-,252,63
khanjyan_1,khanjyan_2-,654,116
khanjyan_1,sayat_nova_3,494,101
khanjyan_1,sayat_nova_2-,402,87
khanjyan_1,nalbandyan_2-,161,42
khanjyan_1,nalbandyan_3,253,63
khanjyan_1,heratsi_2,1120,164
khanjyan_1,khanjyan_2-,654,116
khanjyan_1,khanjyan_1,0,0
khanjyan_1,koryun_1,2020,304
khanjyan_1,nalbandyan_3-,252,63
khanjyan_1,khanjyan_2-,654,116
khanjyan_1,sayat_nova_3,494,101
khanjyan_1,sayat_nova_2-,402,87
khanjyan_1,nalbandyan_2-,161,42
khanjyan_1,nalbandyan_3,253,63
khanjyan_1,heratsi_2,1120,164
khanjyan_1,khanjyan_2-,654,116
khanjyan_1,khanjyan_1,0,0
khanjyan_1,koryun_1,2020,304
heratsi_1,nalbandyan_3-,2278,421
heratsi_1,khanjyan_2-,604,42
heratsi_1,sayat_nova_3,2868,320
heratsi_1,sayat_nova_2-,2776,306
heratsi_1,nalbandyan_2-,3345,371
heratsi_1,nalbandyan_3,2278,421
heratsi_1,heratsi_2,837,68
heratsi_1,khanjyan_2-,604,42
heratsi_1,khanjyan_1,3025,342
heratsi_1,koryun_1,3024,306
heratsi_1-,nalbandyan_3-,354,86
heratsi_1-,khanjyan_2-,626,44
heratsi_1-,sayat_nova_3,661,188
heratsi_1-,sayat_nova_2-,907,254
heratsi_1-,nalbandyan_2-,262,65
heratsi_1-,nalbandyan_3,355,86
heratsi_1-,heratsi_2,815,66
heratsi_1-,khanjyan_2-,626,44
heratsi_1-,khanjyan_1,102,23
heratsi_1-,koryun_1,3001,304
heratsi_1-,nalbandyan_3-,354,86
heratsi_1-,khanjyan_2-,626,44
heratsi_1-,sayat_nova_3,661,188
heratsi_1-,sayat_nova_2-,907,254
heratsi_1-,nalbandyan_2-,262,65
heratsi_1-,nalbandyan_3,355,86
heratsi_1-,heratsi_2,815,66
heratsi_1-,khanjyan_2-,626,44
heratsi_1-,khanjyan_1,102,23
heratsi_1-,koryun_1,3001,304
heratsi_2-,nalbandyan_3-,866,157
heratsi_2-,khanjyan_2-,1436,104
heratsi_2-,sayat_nova_3,1322,246
heratsi_2-,sayat_nova_2-,1231,232
heratsi_2-,nalbandyan_2-,668,112
heratsi_2-,nalbandyan_3,867,157
heratsi_2-,heratsi_2,5,0
heratsi_2-,khanjyan_2-,1436,104
heratsi_2-,khanjyan_1,912,83
heratsi_2-,koryun_1,347,46
heratsi_2-,charents_2-,853,97
heratsi_2-,heratsi_1-,810,60
heratsi_2-,sayat_nova_3,1322,246
heratsi_2-,khanjyan_1,912,83
heratsi_2-,khanjyan_2-,1436,104
heratsi_2-,sayat_nova_1-,1526,187
heratsi_2-,alek_manukyan_1-,1989,275
heratsi_2-,alek_manukyan_2,1928,265
heratsi_2-,sayat_nova_2,1231,232
heratsi_2-,alek_manukyan_2,1928,265
heratsi_2-,charents_2-,853,97
heratsi_2-,heratsi_1-,810,60
heratsi_2-,sayat_nova_3,1322,246
heratsi_2-,khanjyan_1,912,83
heratsi_2-,khanjyan_2-,1436,104
heratsi_2-,sayat_nova_1-,1526,187
heratsi_2-,alek_manukyan_1-,1989,275
heratsi_2-,alek_manukyan_2,1928,265
heratsi_2-,sayat_nova_2,1231,232
heratsi_2-,alek_manukyan_2,1928,265
sayat_nova_2,charents_2-,1020,169
sayat_nova_2,heratsi_1-,1769,246
sayat_nova_2,sayat_nova_3,245,64
sayat_nova_2,khanjyan_1,402,87
sayat_nova_2,khanjyan_2-,405,86
sayat_nova_2,sayat_nova_1-,210,41
sayat_nova_2,alek_manukyan_1-,381,72
sayat_nova_2,alek_manukyan_2,320,69
sayat_nova_2,sayat_nova_2,0,0
sayat_nova_2,alek_manukyan_2,320,69
sayat_nova_2,charents_2-,1020,169
sayat_nova_2,heratsi_1-,1769,246
sayat_nova_2,sayat_nova_3,245,64
sayat_nova_2,khanjyan_1,402,87
sayat_nova_2,khanjyan_2-,405,86
sayat_nova_2,sayat_nova_1-,210,41
sayat_nova_2,alek_manukyan_1-,381,72
sayat_nova_2,alek_manukyan_2,320,69
sayat_nova_2,sayat_nova_2,0,0
sayat_nova_2,alek_manukyan_2,320,69
sayat_nova_2,charents_2-,1020,169
sayat_nova_2,heratsi_1-,1769,246
sayat_nova_2,sayat_nova_3,245,64
sayat_nova_2,khanjyan_1,402,87
sayat_nova_2,khanjyan_2-,405,86
sayat_nova_2,sayat_nova_1-,210,41
sayat_nova_2,alek_manukyan_1-,381,72
sayat_nova_2,alek_manukyan_2,320,69
sayat_nova_2,sayat_nova_2,0,0
sayat_nova_2,alek_manukyan_2,320,69
sayat_nova_2-,charents_2-,1019,169
sayat_nova_2-,heratsi_1-,1769,246
sayat_nova_2-,sayat_nova_3,245,64
sayat_nova_2-,khanjyan_1,402,87
sayat_nova_2-,khanjyan_2-,405,86
sayat_nova_2-,sayat_nova_1-,210,41
sayat_nova_2-,alek_manukyan_1-,380,72
sayat_nova_2-,alek_manukyan_2,320,68
sayat_nova_2-,sayat_nova_2,0,0
sayat_nova_2-,alek_manukyan_2,320,68
sayat_nova_2-,charents_2-,1019,169
sayat_nova_2-,heratsi_1-,1769,246
sayat_nova_2-,sayat_nova_3,245,64
sayat_nova_2-,khanjyan_1,402,87
sayat_nova_2-,khanjyan_2-,405,86
sayat_nova_2-,sayat_nova_1-,210,41
sayat_nova_2-,alek_manukyan_1-,380,72
sayat_nova_2-,alek_manukyan_2,320,68
sayat_nova_2-,sayat_nova_2,0,0
sayat_nova_2-,alek_manukyan_2,320,68
sayat_nova_2-,charents_2-,1019,169
sayat_nova_2-,heratsi_1-,1769,246
sayat_nova_2-,sayat_nova_3,245,64
sayat_nova_2-,khanjyan_1,402,87
sayat_nova_2-,khanjyan_2-,405,86
sayat_nova_2-,sayat_nova_1-,210,41
sayat_nova_2-,alek_manukyan_1-,380,72
sayat_nova_2-,alek_manukyan_2,320,68
sayat_nova_2-,sayat_nova_2,0,0
sayat_nova_2-,alek_manukyan_2,320,68
sayat_nova_1,charents_2-,1102,179
sayat_nova_1,heratsi_1-,1852,262
sayat_nova_1,sayat_nova_3,455,111
sayat_nova_1,khanjyan_1,612,133
sayat_nova_1,khanjyan_2-,615,132
sayat_nova_1,sayat_nova_1-,0,0
sayat_nova_1,alek_manukyan_1-,463,88
sayat_nova_1,alek_manukyan_2,402,78
sayat_nova_1,sayat_nova_2,210,46
sayat_nova_1,alek_manukyan_2,402,78
sayat_nova_1,charents_2-,1102,179
sayat_nova_1,heratsi_1-,1852,262
sayat_nova_1,sayat_nova_3,455,111
sayat_nova_1,khanjyan_1,612,133
sayat_nova_1,khanjyan_2-,615,132
sayat_nova_1,sayat_nova_1-,0,0
sayat_nova_1,alek_manukyan_1-,463,88
sayat_nova_1,alek_manukyan_2,402,78
sayat_nova_1,sayat_nova_2,210,46
sayat_nova_1,alek_manukyan_2,402,78
sayat_nova_1,alek_manukyan_1-,463,88
sayat_nova_1,charents_1-,731,100
sayat_nova_1,charents_2-,1102,179
sayat_nova_1,charents_2,716,86
sayat_nova_1,sayat_nova_1,0,0
sayat_nova_1,koryun_1,1408,176
sayat_nova_1,heratsi_2,1555,166
sayat_nova_1,charents_1-,731,100
sayat_nova_1,sayat_nova_1,0,0
sayat_nova_1,heratsi_2,1555,166
sayat_nova_1-,alek_manukyan_1-,463,88
sayat_nova_1-,charents_1-,731,100
sayat_nova_1-,charents_2-,1102,179
sayat_nova_1-,charents_2,716,85
sayat_nova_1-,sayat_nova_1,0,0
sayat_nova_1-,koryun_1,1408,176
sayat_nova_1-,heratsi_2,1555,166
sayat_nova_1-,charents_1-,731,100
sayat_nova_1-,sayat_nova_1,0,0
sayat_nova_1-,heratsi_2,1555,166
sayat_nova_1-,alek_manukyan_1-,463,88
sayat_nova_1-,charents_1-,731,100
sayat_nova_1-,charents_2-,1102,179
sayat_nova_1-,charents_2,716,85
sayat_nova_1-,sayat_nova_1,0,0
sayat_nova_1-,koryun_1,1408,176
sayat_nova_1-,heratsi_2,1555,166
sayat_nova_1-,charents_1-,731,100
sayat_nova_1-,sayat_nova_1,0,0
sayat_nova_1-,heratsi_2,1555,166
charents_1,alek_manukyan_1-,1215,202
charents_1,charents_1-,1,0
charents_1,charents_2-,1854,293
charents_1,charents_2,1110,127
charents_1,sayat_nova_1,752,114
charents_1,koryun_1,1802,218
charents_1,heratsi_2,1949,208
charents_1,charents_1-,1,0
charents_1,sayat_nova_1,752,114
charents_1,heratsi_2,1949,208
charents_1,alek_manukyan_1-,1215,202
charents_1,charents_1-,1,0
charents_1,charents_2-,1854,293
charents_1,charents_2,1110,127
charents_1,sayat_nova_1,752,114
charents_1,koryun_1,1802,218
charents_1,heratsi_2,1949,208
charents_1,charents_1-,1,0
charents_1,sayat_nova_1,752,114
charents_1,heratsi_2,1949,208
charents_2,alek_manukyan_1-,3130,539
charents_2,charents_1-,3104,492
charents_2,charents_2-,1994,361
charents_2,charents_2,0,0
charents_2,sayat_nova_1,2667,451
charents_2,koryun_1,692,91
charents_2,heratsi_2,839,81
charents_2,charents_1-,3104,492
charents_2,sayat_nova_1,2667,451
charents_2,heratsi_2,839,81
charents_2,alek_manukyan_1-,3130,539
charents_2,charents_1-,3104,492
charents_2,charents_2-,1994,361
charents_2,charents_2,0,0
charents_2,sayat_nova_1,2667,451
charents_2,koryun_1,692,91
charents_2,heratsi_2,839,81
charents_2,charents_1-,3104,492
charents_2,sayat_nova_1,2667,451
charents_2,heratsi_2,839,81
charents_2-,alek_manukyan_1-,1136,178
charents_2-,charents_1-,1110,131
charents_2-,charents_2-,0,0
charents_2-,charents_2,1068,118
charents_2-,sayat_nova_1,673,90
charents_2-,koryun_1,1760,209
charents_2-,heratsi_2,1906,199
charents_2-,charents_1-,1110,131
charents_2-,sayat_nova_1,673,90
charents_2-,heratsi_2,1906,199
charents_2-,alek_manukyan_1-,1136,178
charents_2-,charents_1-,1110,131
charents_2-,charents_2-,0,0
charents_2-,charents_2,1068,118
charents_2-,sayat_nova_1,673,90
charents_2-,koryun_1,1760,209
charents_2-,heratsi_2,1906,199
charents_2-,charents_1-,1110,131
charents_2-,sayat_nova_1,673,90
charents_2-,heratsi_2,1906,199
alek_manukyan_2,alek_manukyan_1-,934,256
alek_manukyan_2,charents_1-,1810,232
alek_manukyan_2,charents_2-,700,101
alek_manukyan_2,charents_2,1767,219
alek_manukyan_2,sayat_nova_1,1372,191
alek_manukyan_2,koryun_1,2459,310
alek_manukyan_2,heratsi_2,913,104
alek_manukyan_2,charents_1-,1810,232
alek_manukyan_2,sayat_nova_1,1372,191
alek_manukyan_2,heratsi_2,913,104
alek_manukyan_2,isahakyan_1,505,111
alek_manukyan_2,charents_2-,700,101
alek_manukyan_2,alek_manukyan_2,0,0
alek_manukyan_2,sayat_nova_2,554,184
alek_manukyan_2,sayat_nova_1-,1372,191
alek_manukyan_2,isahakyan_1,505,111
alek_manukyan_2,charents_2-,700,101
alek_manukyan_2,alek_manukyan_2,0,0
alek_manukyan_2,sayat_nova_2,554,184
alek_manukyan_2,sayat_nova_1-,1372,191
alek_manukyan_1,isahakyan_1,1078,223
alek_manukyan_1,charents_2-,1272,213
alek_manukyan_1,alek_manukyan_2,572,112
alek_manukyan_1,sayat_nova_2,380,83
alek_manukyan_1,sayat_nova_1-,462,89
alek_manukyan_1,isahakyan_1,1078,223
alek_manukyan_1,charents_2-,1272,213
alek_manukyan_1,alek_manukyan_2,572,112
alek_manukyan_1,sayat_nova_2,380,83
alek_manukyan_1,sayat_nova_1-,462,89
alek_manukyan_1,isahakyan_1,1078,223
alek_manukyan_1,charents_2-,1272,213
alek_manukyan_1,alek_manukyan_2,572,112
alek_manukyan_1,sayat_nova_2,380,83
alek_manukyan_1,sayat_nova_1-,462,89
